{
  "simulation": {
    "seed": 42,
    "ticks_per_year": 100,
    "years": 10,
    "repeats": 3,
    "initial_population": 500
  },
  "eco": {
    "length": 10000,
    "max_grass_amount": 40,
    "grass_speed": 0.05
  },
  "cows": {
    "sexual_reproduce": 1,
    "mutation_rate": 0.1,
    "base_energy": 100,
    "birth_energy": 500,
    "use_intelligence": false,
    "stomach_size": 1,
    "params": {
      "S": 5,
      "V": 5,
      "M": 5,
      "IQ": 0,
      "W": 5,
      "R": 5,
      "T0": 5
    },
    "death_params": {
      "1": [
        4.863421052631579e-05,
        1.365789473684212e-06,
        0.10659114502840161
      ],
      "2": [
        4.9423684210526314e-05,
        5.763157894736882e-07,
        0.054056172641058026
      ],
      "3": [
        4.9656578947368426e-05,
        3.4342105263157624e-07,
        0.0363711725836595
      ],
      "4": [
        4.977105263157895e-05,
        2.2894736842105534e-07,
        0.027540987567330782
      ],
      "5": [
        4.984736842105264e-05,
        1.526315789473657e-07,
        0.0223589601120703
      ],
      "6": [
        4.9885526315789475e-05,
        1.1447368421052767e-07,
        0.018788562323450324
      ],
      "7": [
        4.992368421052632e-05,
        7.631578947368286e-08,
        0.0164256005901236
      ],
      "8": [
        4.996184210526316e-05,
        3.8157894736844816e-08,
        0.014998364027839672
      ],
      "9": [
        4.996184210526316e-05,
        3.8157894736844816e-08,
        0.013213331716424716
      ],
      "10": [
        4.996184210526316e-05,
        3.8157894736844816e-08,
        0.011796371521509415
      ]
    }
  },
  "cows_config": {
    "CowsNumber": 500,
    "CowsParamsRanger": {
      "S": [1, 10],
      "V": [1, 10],
      "M": [1, 10],
      "IQ": [0, 0],
      "W": [1, 10],
      "R": [1, 10],
      "T0": [1, 10]
    },
    "CowsPositions": [
      [0, 9999]
    ]
  },
  "climate": {
    "Polar": [
      [0, 999],
      [5000, 5999]
    ],
    "Middle": [
      [1000, 1999],
      [4000, 4999],
      [6000, 6999],
      [9000, 9999]
    ],
    "Equator": [
      [2000, 3999],
      [7000, 8999]
    ]
  },
  "soil": {
    "Desert": [],
    "Steppe": [
      [9000, 9999]
    ],
    "Field": [
      [0, 999],
      [1000, 1999]
    ],
    "Forest": [
      [7000, 7999]
    ]
  },
  "metrics": {
    "enabled": true,
    "save_interval": 10,
    "groups": {
      "base": {
        "enabled": true,
        "collection_interval": 1,
        "metrics": [
          "population_size",
          "avg_energy",
          "std_energy",
          "avg_age",
          "std_age"
        ]
      },
      "genetic": {
        "enabled": true,
        "collection_interval": 1,
        "metrics": [
          "genetic_diversity"
        ]
      },
      "parameters": {
        "enabled": true,
        "collection_interval": 1,
        "metrics": [
          "avg_S",
          "std_S",
          "avg_V",
          "std_V",
          "avg_M",
          "std_M",
          "avg_IQ",
          "std_IQ",
          "avg_W",
          "std_W",
          "avg_R",
          "std_R",
          "avg_T0",
          "std_T0"
        ]
      }
    }
  },
  "paths": {
    "results_dir": "results",
    "plots_dir": "plots"
  },
  "plots": {
    "parameter_dynamics": {
      "type": "subplot_grid",
      "params": [
        "S",
        "V",
        "M",
        "IQ",
        "W",
        "R",
        "T0"
      ],
      "group_by": "cows.R",
      "layout": [3, 3],
      "title": "Динамика параметров коров"
    },
    "avg_age": {
      "type": "line",
      "metric": "avg_age",
      "group_by": "cows.R",
      "title": "Средний возраст коров"
    },
    "avg_energy": {
      "type": "line",
      "metric": "avg_energy",
      "group_by": "cows.R",
      "title": "Средняя энергия коров"
    },
    "genetic_diversity": {
      "type": "line",
      "metric": "genetic_diversity",
      "group_by": "cows.R",
      "title": "Генетическое разнообразие"
    },
    "population_dynamics": {
      "type": "line",
      "metric": "population_size",
      "group_by": "cows.R",
      "title": "Динамика популяции"
    },
    "survival_rate": {
      "type": "line",
      "metric": "avg_age",
      "group_by": "cows.R",
      "title": "Выживаемость (оценка по среднему возрасту)"
    }
  }
} 