{
  "simulation": {
    "seed": 42,
    "ticks_per_year": 100,
    "years": 10,
    "repeats": 3
  },
  "eco": {
    "length": 10000,
    "max_grass_amount": 40,
    "grass_speed": 0.03
  },
  "cows": {
    "sexual_reproduce": 1,
    "mutation_rate": 0.1,
    "base_energy": 100,
    "use_intelligence": false,
    "stomach_size": 1,
    "death_params": {
      "1": [
        4.863421052631579e-05,
        1.365789473684212e-06,
        0.10659114502840161
      ],
      "2": [
        4.9423684210526314e-05,
        5.763157894736882e-07,
        0.054056172641058026
      ],
      "3": [
        4.9656578947368426e-05,
        3.4342105263157624e-07,
        0.0363711725836595
      ],
      "4": [
        4.977105263157895e-05,
        2.2894736842105534e-07,
        0.027540987567330782
      ],
      "5": [
        4.984736842105264e-05,
        1.526315789473657e-07,
        0.0223589601120703
      ],
      "6": [
        4.9885526315789475e-05,
        1.1447368421052767e-07,
        0.018788562323450324
      ],
      "7": [
        4.992368421052632e-05,
        7.631578947368286e-08,
        0.0164256005901236
      ],
      "8": [
        4.996184210526316e-05,
        3.8157894736844816e-08,
        0.014998364027839672
      ],
      "9": [
        4.996184210526316e-05,
        3.8157894736844816e-08,
        0.013213331716424716
      ],
      "10": [
        4.996184210526316e-05,
        3.8157894736844816e-08,
        0.011796371521509415
      ]
    }
  },
  "cows_config": {
    "CowsNumber": 100,
    "CowsParamsRanger": {
      "S": [1, 10],
      "V": [1, 10],
      "M": [1, 10],
      "IQ": [1, 10],
      "W": [1, 10],
      "R": [1, 10],
      "T0": [1, 10]
    },
    "CowsPositions": [
      [0, 999],
      [5000, 5999]
    ]
  },
  "climate": {
    "Polar": [
      [0, 999],
      [5000, 5999]
    ],
    "Middle": [
      [1000, 1999],
      [4000, 4999],
      [6000, 6999],
      [9000, 9999]
    ],
    "Equator": [
      [2000, 3999],
      [7000, 8999]
    ]
  },
  "soil": {
    "Desert": [
      [0, 249],
      [1000, 1249],
      [2000, 2499],
      [5000, 5249],
      [6000, 6249],
      [7000, 7499]
    ],
    "Steppe": [
      [250, 499],
      [1250, 1499],
      [2500, 2999],
      [5250, 5499],
      [6250, 6499],
      [7500, 7999],
      [9000, 9499]
    ],
    "Field": [
      [500, 749],
      [1500, 1749],
      [3000, 3499],
      [5500, 5749],
      [6500, 6749],
      [8000, 8499]
    ],
    "Forest": [
      [750, 999],
      [1750, 1999],
      [3500, 3999],
      [4000, 4999],
      [5750, 5999],
      [6750, 6999],
      [8500, 8999],
      [9500, 9999]
    ]
  },
  "metrics": {
    "enabled": true,
    "save_interval": 10,
    "groups": {
      "base": {
        "enabled": true,
        "collection_interval": 1,
        "metrics": [
          "population_size",
          "avg_energy",
          "std_energy",
          "avg_age",
          "std_age",
          "births",
          "deaths",
          "deaths_starvation",
          "deaths_natural"
        ]
      },
      "genetic": {
        "enabled": true,
        "collection_interval": 1,
        "metrics": [
          "genetic_diversity",
          "genetic_quality",
          "avg_S", "std_S", "var_S", "min_S", "max_S",
          "avg_V", "std_V", "var_V", "min_V", "max_V",
          "avg_M", "std_M", "var_M", "min_M", "max_M",
          "avg_IQ", "std_IQ", "var_IQ", "min_IQ", "max_IQ",
          "avg_W", "std_W", "var_W", "min_W", "max_W",
          "avg_R", "std_R", "var_R", "min_R", "max_R",
          "avg_T0", "std_T0", "var_T0", "min_T0", "max_T0"
        ]
      },
      "spatial": {
        "enabled": true,
        "collection_interval": 5,
        "metrics": [
          "population_distribution",
          "zone_transitions",
          "migration_rate",
          "patch_usage",
          "resource_distribution"
        ]
      },
      "climate": {
        "enabled": true,
        "collection_interval": 5,
        "metrics": [
          "zone_populations",
          "zone_energy_mean",
          "zone_age_mean",
          "zone_genetic_parameters",
          "adaptability_index",
          "climate_preference"
        ]
      },
      "lifecycle": {
        "enabled": true,
        "collection_interval": 10,
        "metrics": [
          "avg_lifespan",
          "max_lifespan",
          "reproduction_rate",
          "reproduction_success",
          "parent_child_correlation",
          "generation_distribution"
        ]
      },
      "extinction": {
        "enabled": true,
        "collection_interval": 50,
        "metrics": [
          "extinction_probability",
          "time_to_extinction",
          "recovery_potential",
          "minimum_viable_population"
        ]
      }
    },
    "advanced_stats": {
      "histograms": true,
      "correlation_matrices": true
    }
  },
  "paths": {
    "results_dir": "results",
    "plots_dir": "plots"
  },
  "plots": {
    "population_by_zone": {
      "type": "line",
      "metric": "population_size",
      "group_by": "simulation.monotonous_zone",
      "title": "Динамика численности популяции по климатическим зонам"
    },
    "age_energy_by_zone": {
      "type": "subplot_grid",
      "params": [
        "avg_age",
        "avg_energy"
      ],
      "group_by": "simulation.monotonous_zone",
      "layout": [1, 2],
      "title": "Средний возраст и энергия коров по зонам"
    },
    "genetic_diversity_by_zone": {
      "type": "line",
      "metric": "genetic_diversity",
      "group_by": "simulation.monotonous_zone",
      "title": "Динамика генетического разнообразия по зонам"
    },
    "parameters_by_zone": {
      "type": "subplot_grid",
      "params": [
        "S",
        "V",
        "M",
        "IQ",
        "W",
        "R",
        "T0"
      ],
      "group_by": "simulation.monotonous_zone",
      "layout": [3, 3],
      "title": "Эволюция параметров в разных климатических зонах"
    },
    "parameter_violin": {
      "type": "violin",
      "params": ["S", "V", "M", "IQ", "W", "R", "T0"],
      "group_by": "simulation.monotonous_zone",
      "title": "Распределение параметров по зонам"
    },
    "parameter_evolution_radar": {
      "type": "radar",
      "params": ["S", "V", "M", "IQ", "W", "R", "T0"],
      "group_by": "simulation.monotonous_zone",
      "snapshots": [0, 0.25, 0.5, 0.75, 1.0],
      "title": "Эволюция параметров во времени"
    },
    "parameter_correlations": {
      "type": "scatter_matrix",
      "params": ["S", "V", "M", "IQ", "W", "R", "T0"],
      "group_by": "simulation.monotonous_zone",
      "title": "Взаимосвязь между параметрами"
    },
    "final_diversity_heatmap": {
      "type": "heatmap",
      "metric": "genetic_diversity",
      "x_axis": "simulation.monotonous_zone",
      "y_axis": "cows.params",
      "title": "Генетическое разнообразие в финале: сценарии × зоны"
    }
  }
} 