{
  "simulation": {
    "seed": 42,
    "ticks_per_year": 100,
    "years": 10,
    "repeats": 3
  },
  "eco": {
    "length": 10000,
    "max_grass_amount": 40,
    "grass_speed": 0.03
  },
  "cows": {
    "sexual_reproduce": 1,
    "mutation_rate": 0.1,
    "base_energy": 100,
    "use_intelligence": false,
    "stomach_size": 1,
    "death_params": {
      "1": [
        4.863421052631579e-05,
        1.365789473684212e-06,
        0.10659114502840161
      ],
      "2": [
        4.9423684210526314e-05,
        5.763157894736882e-07,
        0.054056172641058026
      ],
      "3": [
        4.9656578947368426e-05,
        3.4342105263157624e-07,
        0.0363711725836595
      ],
      "4": [
        4.977105263157895e-05,
        2.2894736842105534e-07,
        0.027540987567330782
      ],
      "5": [
        4.984736842105264e-05,
        1.526315789473657e-07,
        0.0223589601120703
      ],
      "6": [
        4.9885526315789475e-05,
        1.1447368421052767e-07,
        0.018788562323450324
      ],
      "7": [
        4.992368421052632e-05,
        7.631578947368286e-08,
        0.0164256005901236
      ],
      "8": [
        4.996184210526316e-05,
        3.8157894736844816e-08,
        0.014998364027839672
      ],
      "9": [
        4.996184210526316e-05,
        3.8157894736844816e-08,
        0.013213331716424716
      ],
      "10": [
        4.996184210526316e-05,
        3.8157894736844816e-08,
        0.011796371521509415
      ]
    }
  },
  "cows_config": {
    "CowsNumber": 100,
    "CowsParamsRanger": {
      "S": [
        1,
        10
      ],
      "V": [
        1,
        10
      ],
      "M": [
        1,
        10
      ],
      "IQ": [
        1,
        10
      ],
      "W": [
        1,
        10
      ],
      "R": [
        1,
        10
      ],
      "T0": [
        1,
        10
      ]
    },
    "CowsPositions": [
      [
        0,
        999
      ],
      [
        7000,
        8999
      ]
    ]
  },
  "climate": {
    "Polar": [
      [
        0,
        999
      ],
      [
        5000,
        5999
      ]
    ],
    "Middle": [
      [
        1000,
        1999
      ],
      [
        4000,
        4999
      ],
      [
        6000,
        6999
      ],
      [
        9000,
        9999
      ]
    ],
    "Equator": [
      [
        2000,
        3999
      ],
      [
        7000,
        8999
      ]
    ]
  },
  "soil": {
    "Desert": [
      [0, 249],
      [1000, 1249],
      [2000, 2499],
      [5000, 5249],
      [6000, 6249],
      [7000, 7499]
    ],
    "Steppe": [
      [250, 499],
      [1250, 1499],
      [2500, 2999],
      [5250, 5499],
      [6250, 6499],
      [7500, 7999],
      [9000, 9499]
    ],
    "Field": [
      [500, 749],
      [1500, 1749],
      [3000, 3499],
      [5500, 5749],
      [6500, 6749],
      [8000, 8499]
    ],
    "Forest": [
      [750, 999],
      [1750, 1999],
      [3500, 3999],
      [4000, 4999],
      [5750, 5999],
      [6750, 6999],
      [8500, 8999],
      [9500, 9999]
    ]
  },
  "metrics": {
    "enabled": true,
    "save_interval": 10,
    "groups": {
      "base": {
        "enabled": true,
        "collection_interval": 1,
        "metrics": [
          "population_size",
          "avg_energy",
          "std_energy",
          "avg_age",
          "std_age"
        ]
      },
      "genetic": {
        "enabled": true,
        "collection_interval": 1,
        "metrics": [
          "genetic_diversity"
        ]
      },
      "parameters": {
        "enabled": true,
        "collection_interval": 1,
        "metrics": [
          "avg_S",
          "std_S",
          "avg_V",
          "std_V",
          "avg_M",
          "std_M",
          "avg_IQ",
          "std_IQ",
          "avg_W",
          "std_W",
          "avg_R",
          "std_R",
          "avg_T0",
          "std_T0"
        ]
      }
    }
  },
  "plots": {
    "parameter_dynamics": {
      "type": "subplot_grid",
      "params": [
        "S",
        "V",
        "M",
        "IQ",
        "W",
        "R",
        "T0"
      ],
      "group_by": "cows.sexual_reproduce",
      "layout": [
        3,
        3
      ],
      "title": "Динамика параметров коров"
    },
    "avg_age": {
      "type": "line",
      "metric": "avg_age",
      "group_by": "cows.sexual_reproduce",
      "title": "Средний возраст коров"
    },
    "avg_energy": {
      "type": "line",
      "metric": "avg_energy",
      "group_by": "cows.sexual_reproduce",
      "title": "Средняя энергия коров"
    },
    "genetic_diversity": {
      "type": "line",
      "metric": "genetic_diversity",
      "group_by": "cows.sexual_reproduce",
      "title": "Генотипическое разнообразие"
    },
    "population_dynamics": {
      "type": "line",
      "metric": "population_size",
      "group_by": "cows.sexual_reproduce",
      "title": "Динамика популяции"
    }
  },
  "paths": {
    "results_dir": "results",
    "plots_dir": "plots"
  }
}