{
  "simulation": {
    "seed": 42,
    "ticks_per_year": 100,
    "years": 200,
    "repeats": 2,
    "initial_population": 500
  },
  "eco": {
    "length": 10000,
    "max_grass_amount": 100,
    "grass_speed": 0.1
  },
  "cows": {
    "sexual_reproduce": 0,
    "mutation_rate": 0.0,
    "base_energy": 100,
    "birth_energy": 500,
    "use_intelligence": false,
    "stomach_size": 6,
    "params": {
      "S": 10,
      "V": 10,
      "M": 10,
      "IQ": 10,
      "W": 10,
      "R": 10,
      "T0": 10
    },
    "death_params": {
      "1": [
        4.863421052631579e-05,
        1.365789473684212e-06,
        0.10659114502840161
      ],
      "2": [
        4.9423684210526314e-05,
        5.763157894736882e-07,
        0.054056172641058026
      ],
      "3": [
        4.9656578947368426e-05,
        3.4342105263157624e-07,
        0.0363711725836595
      ],
      "4": [
        4.977105263157895e-05,
        2.2894736842105534e-07,
        0.027540987567330782
      ],
      "5": [
        4.984736842105264e-05,
        1.526315789473657e-07,
        0.0223589601120703
      ],
      "6": [
        4.9885526315789475e-05,
        1.1447368421052767e-07,
        0.018788562323450324
      ],
      "7": [
        4.992368421052632e-05,
        7.631578947368286e-08,
        0.0164256005901236
      ],
      "8": [
        4.996184210526316e-05,
        3.8157894736844816e-08,
        0.014998364027839672
      ],
      "9": [
        4.996184210526316e-05,
        3.8157894736844816e-08,
        0.013213331716424716
      ],
      "10": [
        4.996184210526316e-05,
        3.8157894736844816e-08,
        0.011796371521509415
      ]
    }
  },
  "cows_config": {
    "CowsNumber": 500,
    "CowsParamsRanger": {
      "S": [
        1,
        10
      ],
      "V": [
        1,
        10
      ],
      "M": [
        1,
        10
      ],
      "IQ": [
        0,
        0
      ],
      "W": [
        1,
        10
      ],
      "R": [
        1,
        10
      ],
      "T0": [
        1,
        10
      ]
    },
    "CowsPositions": [
      [
        0,
        9999
      ]
    ]
  },
  "climate": {
    "Polar": [
      [
        0,
        999
      ],
      [
        5000,
        5999
      ]
    ],
    "Middle": [
      [
        1000,
        1999
      ],
      [
        4000,
        4999
      ],
      [
        6000,
        6999
      ],
      [
        9000,
        9999
      ]
    ],
    "Equator": [
      [
        2000,
        3999
      ],
      [
        7000,
        8999
      ]
    ]
  },
  "soil": {
    "Desert": [
      [
        0,
        249
      ],
      [
        1000,
        1249
      ],
      [
        2000,
        2499
      ],
      [
        5000,
        5249
      ],
      [
        6000,
        6249
      ],
      [
        7000,
        7499
      ]
    ],
    "Steppe": [
      [
        250,
        499
      ],
      [
        1250,
        1499
      ],
      [
        2500,
        2999
      ],
      [
        5250,
        5499
      ],
      [
        6250,
        6499
      ],
      [
        7500,
        7999
      ],
      [
        9000,
        9499
      ]
    ],
    "Field": [
      [
        500,
        749
      ],
      [
        1500,
        1749
      ],
      [
        3000,
        3499
      ],
      [
        5500,
        5749
      ],
      [
        6500,
        6749
      ],
      [
        8000,
        8499
      ]
    ],
    "Forest": [
      [
        750,
        999
      ],
      [
        1750,
        1999
      ],
      [
        3500,
        3999
      ],
      [
        4000,
        4999
      ],
      [
        5750,
        5999
      ],
      [
        6750,
        6999
      ],
      [
        8500,
        8999
      ],
      [
        9500,
        9999
      ]
    ]
  },
  "metrics": {
    "enabled": true,
    "save_interval": 10,
    "groups": {
      "base": {
        "enabled": true,
        "collection_interval": 1,
        "metrics": [
          "population_size",
          "avg_energy",
          "std_energy",
          "avg_age",
          "std_age"
        ]
      },
      "genetic": {
        "enabled": true,
        "collection_interval": 1,
        "metrics": [
          "genetic_diversity"
        ]
      },
      "parameters": {
        "enabled": true,
        "collection_interval": 1,
        "metrics": [
          "avg_S",
          "std_S",
          "avg_V",
          "std_V",
          "avg_M",
          "std_M",
          "avg_IQ",
          "std_IQ",
          "avg_W",
          "std_W",
          "avg_R",
          "std_R",
          "avg_T0",
          "std_T0"
        ]
      }
    }
  },
  "paths": {
    "results_dir": "results",
    "plots_dir": "plots"
  },
  "plots": {
    "parameter_dynamics": {
      "type": "subplot_grid",
      "params": [
        "S",
        "V",
        "M",
        "IQ",
        "W",
        "R",
        "T0"
      ],
      "group_by": "cows.mutation_rate",
      "layout": [
        3,
        3
      ],
      "title": "\u0414\u0438\u043d\u0430\u043c\u0438\u043a\u0430 \u043f\u0430\u0440\u0430\u043c\u0435\u0442\u0440\u043e\u0432 \u043a\u043e\u0440\u043e\u0432"
    },
    "avg_age": {
      "type": "line",
      "metric": "avg_age",
      "group_by": "cows.mutation_rate",
      "title": "\u0421\u0440\u0435\u0434\u043d\u0438\u0439 \u0432\u043e\u0437\u0440\u0430\u0441\u0442 \u043a\u043e\u0440\u043e\u0432"
    },
    "avg_energy": {
      "type": "line",
      "metric": "avg_energy",
      "group_by": "cows.mutation_rate",
      "title": "\u0421\u0440\u0435\u0434\u043d\u044f\u044f \u044d\u043d\u0435\u0440\u0433\u0438\u044f \u043a\u043e\u0440\u043e\u0432"
    },
    "genetic_diversity": {
      "type": "line",
      "metric": "genetic_diversity",
      "group_by": "cows.mutation_rate",
      "title": "\u0413\u0435\u043d\u0435\u0442\u0438\u0447\u0435\u0441\u043a\u043e\u0435 \u0440\u0430\u0437\u043d\u043e\u043e\u0431\u0440\u0430\u0437\u0438\u0435"
    },
    "population_dynamics": {
      "type": "line",
      "metric": "population_size",
      "group_by": "cows.mutation_rate",
      "title": "\u0414\u0438\u043d\u0430\u043c\u0438\u043a\u0430 \u043f\u043e\u043f\u0443\u043b\u044f\u0446\u0438\u0438"
    }
  },
  "name": "mutation_rate",
  "description": "\u0412\u043b\u0438\u044f\u043d\u0438\u0435 \u0443\u0440\u043e\u0432\u043d\u044f \u043c\u0443\u0442\u0430\u0446\u0438\u0439 \u043d\u0430 \u044d\u0432\u043e\u043b\u044e\u0446\u0438\u044e \u043f\u0430\u0440\u0430\u043c\u0435\u0442\u0440\u043e\u0432 \u043f\u043e\u043f\u0443\u043b\u044f\u0446\u0438\u0438"
}